p,theta,z,L,E,ω,grid_points,grid_size,finite_Nc1,large_Nc1,true_Nc1,finite_Nc2,large_Nc2,diag_Nc2,true_Nc2_diag,largeNc/finiteNc1,largeNc/finiteNc2,diagNc/finiteNc2,error1,error2,time
0.001,0.01,0.01,2.0,10,0.1,40,3,failed,failed,failed,failed,failed,,,failed,failed,,failed,,0 days 00:00:27.540931
0.02,0.2,0.01,2.0,10,0.1,50,3,failed,failed,failed,failed,failed,,,failed,failed,,failed,,0 days 00:00:57.749688
0.02,0.2,0.01,2.0,10,0.1,60,3,failed,failed,failed,failed,failed,,,failed,failed,,failed,,0 days 00:01:43.351129
0.02,0.2,0.01,2.0,10,0.1,40,3,failed,failed,failed,failed,failed,failed,failed,failed,failed,failed,failed,failed,0 days 00:00:29.296758
0.02,0.2,0.01,2.0,10,0.1,30,3,failed,failed,failed,failed,failed,failed,failed,failed,failed,failed,failed,failed,0 days 00:00:09.686098
0.02,0.2,0.01,2.0,10,0.1,60,3,failed,failed,failed,failed,failed,failed,failed,failed,failed,failed,failed,failed,0 days 00:01:45.131175
0.049,0.49,0.01,2.0,10,0.1,40,3,failed,failed,failed,failed,failed,,,failed,failed,,failed,,0 days 00:00:17.883206
0.002,0.013,0.015,2.0,10,0.15,40,3,failed,failed,failed,failed,failed,,,failed,failed,,failed,,0 days 00:00:23.955536
0.03,0.2,0.015,2.0,10,0.15,50,3,failed,failed,failed,failed,failed,,,failed,failed,,failed,,0 days 00:01:31.289054
0.03,0.2,0.015,2.0,10,0.15,60,3,failed,failed,failed,failed,failed,,,failed,failed,,failed,,0 days 00:06:46.763016
0.03,0.2,0.015,2.0,10,0.15,40,3,failed,failed,failed,failed,failed,failed,failed,failed,failed,failed,failed,failed,0 days 00:00:27.160535
0.03,0.2,0.015,2.0,10,0.15,30,3,failed,failed,failed,failed,failed,failed,failed,failed,failed,failed,failed,failed,0 days 00:00:04.567791
0.03,0.2,0.015,2.0,10,0.15,60,3,failed,failed,failed,failed,failed,failed,failed,failed,failed,failed,failed,failed,0 days 00:07:37.876493
0.076,0.507,0.015,2.0,10,0.15,40,3,failed,failed,failed,failed,failed,,,failed,failed,,failed,,0 days 00:00:24.650824
0.002,0.009,0.024,2.0,10,0.23,40,3,failed,failed,failed,failed,failed,,,failed,failed,,failed,,0 days 00:00:28.933359
0.047,0.204,0.024,2.0,10,0.23,50,3,failed,failed,failed,failed,failed,,,failed,failed,,failed,,0 days 00:02:08.677433
0.047,0.204,0.024,2.0,10,0.23,60,3,failed,failed,failed,failed,failed,,,failed,failed,,failed,,0 days 00:27:20.959890
0.047,0.204,0.024,2.0,10,0.23,40,3,failed,failed,failed,failed,failed,failed,failed,failed,failed,failed,failed,failed,0 days 00:00:31.193699
0.047,0.204,0.024,2.0,10,0.23,30,3,failed,failed,failed,failed,failed,failed,failed,failed,failed,failed,failed,failed,0 days 00:00:05.132525
0.047,0.204,0.024,2.0,10,0.23,60,3,failed,failed,failed,failed,failed,failed,failed,failed,failed,failed,failed,failed,0 days 00:28:11.746614
0.116,0.504,0.024,2.0,10,0.23,40,3,failed,failed,failed,failed,failed,,,failed,failed,,failed,,0 days 00:00:29.433908
0.071,0.203,0.037000000000000005,2.0,10,0.35,60,3,(0.106-0.537j),(0.007-0.01j),(0.006-0.008j),(1.311-5.336j),(1.307-5.333j),(1.307-5.333j),(0.006-0.008j),0.07,1.0,0.99,0.182,0.998,0 days 02:06:49.416354
0.004,0.011,0.037000000000000005,2.0,10,0.35,40,3,failed,failed,failed,failed,failed,,,failed,failed,,failed,,0 days 00:00:31.527742
0.071,0.203,0.037000000000000005,2.0,10,0.35,30,3,failed,failed,failed,failed,failed,failed,failed,failed,failed,failed,failed,failed,0 days 00:00:05.489987
0.071,0.203,0.037000000000000005,2.0,10,0.35,40,3,failed,failed,failed,failed,failed,failed,failed,failed,failed,failed,failed,failed,0 days 00:00:36.453470
0.071,0.203,0.037000000000000005,2.0,10,0.35,50,3,failed,failed,failed,failed,failed,,,failed,failed,,failed,,0 days 00:02:36.270248
0.071,0.203,0.037000000000000005,2.0,10,0.35,60,3,(0.106-0.537j),(0.007-0.01j),(0.006-0.008j),(1.311-5.336j),(1.307-5.333j),,,0.02,1.0,,0.182,,0 days 01:23:06.435753
0.177,0.506,0.037000000000000005,2.0,10,0.35,40,3,failed,failed,failed,failed,failed,,,failed,failed,,failed,,0 days 00:00:32.567111
0.005,0.01,0.01,2.0,50,0.49,40,3,failed,failed,failed,failed,failed,,,failed,failed,,failed,,0 days 00:00:46.642012
0.099,0.202,0.01,2.0,50,0.49,50,3,failed,failed,failed,failed,failed,,,failed,failed,,failed,,0 days 00:02:49.081312
0.247,0.504,0.01,2.0,50,0.49,40,3,failed,failed,failed,failed,failed,,,failed,failed,,failed,,0 days 00:00:36.087526
0.005,0.009,0.057,2.0,10,0.54,40,3,failed,failed,failed,failed,failed,,,failed,failed,,failed,,0 days 00:00:35.882640
0.107,0.198,0.057,2.0,10,0.54,50,3,failed,failed,failed,failed,failed,,,failed,failed,,failed,,0 days 00:03:18.679422
0.107,0.198,0.057,2.0,10,0.54,60,3,(0.186-0.757j),(0.026-0.035j),(0.021-0.029j),(2.253-7.65j),(2.243-7.64j),,,0.05,1.0,,0.184,,0 days 01:24:04.967634
0.107,0.198,0.057,2.0,10,0.54,40,3,failed,failed,failed,failed,failed,failed,failed,failed,failed,failed,failed,failed,0 days 00:00:50.011968
0.107,0.198,0.057,2.0,10,0.54,30,3,failed,failed,failed,failed,failed,failed,failed,failed,failed,failed,failed,failed,0 days 00:00:06.552304
0.268,0.496,0.057,2.0,10,0.54,40,3,failed,failed,failed,failed,failed,,,failed,failed,,failed,,0 days 00:00:36.074812
0.008,0.011,0.015,2.0,50,0.76,40,3,failed,failed,failed,failed,failed,,,failed,failed,,failed,,0 days 00:00:40.024788
0.152,0.2,0.015,2.0,50,0.76,50,3,failed,failed,failed,failed,failed,,,failed,failed,,failed,,0 days 00:02:59.487973
0.38,0.5,0.015,2.0,50,0.76,40,3,failed,failed,failed,failed,failed,,,failed,failed,,failed,,0 days 00:00:39.440823
0.008,0.01,0.08800000000000001,2.0,10,0.8,40,3,failed,failed,failed,failed,failed,,,failed,failed,,failed,,0 days 00:00:42.059367
0.16,0.2,0.08800000000000001,2.0,10,0.8,30,3,failed,failed,failed,failed,failed,failed,failed,failed,failed,failed,failed,failed,0 days 00:00:06.767966
0.16,0.2,0.08800000000000001,2.0,10,0.8,40,3,failed,failed,failed,failed,failed,failed,failed,failed,failed,failed,failed,failed,0 days 00:00:44.470760
0.16,0.2,0.08800000000000001,2.0,10,0.8,50,3,failed,failed,failed,failed,failed,,,failed,failed,,failed,,0 days 00:04:10.946626
0.16,0.2,0.08800000000000001,2.0,10,0.8,60,3,(0.334-1.03j),(0.084-0.117j),(0.067-0.096j),(3.818-10.458j),(3.79-10.43j),,,0.11,1.0,,0.185,,0 days 01:27:20.330640
0.401,0.501,0.08800000000000001,2.0,10,0.8,40,3,failed,failed,failed,failed,failed,,,failed,failed,,failed,,0 days 00:00:42.229519
0.00989999999999999,0.01,0.009999999999999995,2.0,100,0.99,40,3,failed,failed,failed,failed,failed,,,failed,failed,,failed,,0 days 00:00:50.428279
0.015290075838969137,0.015,0.009999999999999995,2.0,100,0.99,40,3,failed,failed,failed,failed,failed,,,failed,failed,,failed,,0 days 00:00:42.792655
0.02361478981428566,0.024,0.009999999999999995,2.0,100,0.99,40,3,failed,failed,failed,failed,failed,,,failed,failed,,failed,,0 days 00:00:39.975565
0.036471911836539785,0.037,0.009999999999999995,2.0,100,0.99,40,3,failed,failed,failed,failed,failed,,,failed,failed,,failed,,0 days 00:00:39.282579
0.056329121007362634,0.057,0.009999999999999995,2.0,100,0.99,40,3,failed,failed,failed,failed,failed,,,failed,failed,,failed,,0 days 00:00:39.322044
0.08699762950960054,0.088,0.009999999999999995,2.0,100,0.99,40,3,failed,failed,failed,failed,failed,,,failed,failed,,failed,,0 days 00:00:40.669096
0.13436367202144772,0.136,0.009999999999999995,2.0,100,0.99,40,3,failed,failed,failed,failed,failed,,,failed,failed,,failed,,0 days 00:00:39.757925
0.2075182560818499,0.21,0.009999999999999995,2.0,100,0.99,40,3,failed,failed,failed,failed,failed,,,failed,failed,,failed,,0 days 00:00:39.299890
0.32050200742041485,0.324,0.009999999999999995,2.0,100,0.99,40,3,failed,failed,failed,failed,failed,,,failed,failed,,failed,,0 days 00:00:41.799624
0.4949999999999998,0.5,0.009999999999999995,2.0,100,0.99,40,3,failed,failed,failed,failed,failed,,,failed,failed,,failed,,0 days 00:00:39.754477
0.01,0.01,0.01,2.0,100,0.99,50,3,failed,failed,failed,failed,failed,,,failed,failed,,failed,,0 days 00:03:07.416592
0.01,0.01,0.01,2.0,100,0.99,40,3,failed,failed,failed,failed,failed,,,failed,failed,,failed,,0 days 00:00:49.731611
0.015,0.015,0.01,2.0,100,0.99,50,3,failed,failed,failed,failed,failed,,,failed,failed,,failed,,0 days 00:02:54.966041
0.024,0.024,0.01,2.0,100,0.99,50,3,failed,failed,failed,failed,failed,,,failed,failed,,failed,,0 days 00:02:55.197269
0.036000000000000004,0.036,0.01,2.0,100,0.99,50,3,failed,failed,failed,failed,failed,,,failed,failed,,failed,,0 days 00:02:54.451719
0.055999999999999994,0.057,0.01,2.0,100,0.99,50,3,failed,failed,failed,failed,failed,,,failed,failed,,failed,,0 days 00:02:53.877039
0.087,0.088,0.01,2.0,100,0.99,50,3,failed,failed,failed,failed,failed,,,failed,failed,,failed,,0 days 00:03:00.501920
0.134,0.135,0.01,2.0,100,0.99,50,3,failed,failed,failed,failed,failed,,,failed,failed,,failed,,0 days 00:02:55.295908
0.198,0.2,0.01,2.0,100,0.99,50,3,failed,failed,failed,failed,failed,,,failed,failed,,failed,,0 days 00:03:11.662697
0.208,0.21,0.01,2.0,100,0.99,50,3,failed,failed,failed,failed,failed,,,failed,failed,,failed,,0 days 00:02:58.561660
0.321,0.324,0.01,2.0,100,0.99,50,3,failed,failed,failed,failed,failed,,,failed,failed,,failed,,0 days 00:02:59.403730
0.495,0.5,0.01,2.0,100,0.99,50,3,failed,failed,failed,failed,failed,,,failed,failed,,failed,,0 days 00:02:59.428115
0.495,0.5,0.01,2.0,100,0.99,40,3,failed,failed,failed,failed,failed,,,failed,failed,,failed,,0 days 00:00:39.626865
0.012,0.01,0.024,2.0,50,1.16,40,3,failed,failed,failed,failed,failed,,,failed,failed,,failed,,0 days 00:00:42.479663
0.233,0.201,0.024,2.0,50,1.16,50,3,failed,failed,failed,failed,failed,,,failed,failed,,failed,,0 days 00:03:20.886197
0.5820000000000001,0.502,0.024,2.0,50,1.16,40,3,failed,failed,failed,failed,failed,,,failed,failed,,failed,,0 days 00:00:44.697617
0.012,0.01,0.136,2.0,10,1.17,40,3,failed,failed,failed,failed,failed,,,failed,failed,,failed,,0 days 00:00:50.169092
0.235,0.201,0.136,2.0,10,1.17,50,3,failed,failed,failed,failed,failed,,,failed,failed,,failed,,0 days 00:05:55.366303
0.235,0.201,0.136,2.0,10,1.17,30,3,failed,failed,failed,failed,failed,failed,failed,failed,failed,failed,failed,failed,0 days 00:00:08.077788
0.5870000000000001,0.502,0.136,2.0,10,1.17,40,3,failed,failed,failed,failed,failed,,,failed,failed,,failed,,0 days 00:00:50.131471
0.015,0.01,0.015,2.0,100,1.52,50,3,failed,failed,failed,failed,failed,,,failed,failed,,failed,,0 days 00:03:23.666098
0.015,0.01,0.015,2.0,100,1.52,40,3,failed,failed,failed,failed,failed,,,failed,failed,,failed,,0 days 00:00:43.868507
0.023,0.015,0.015,2.0,100,1.52,50,3,failed,failed,failed,failed,failed,,,failed,failed,,failed,,0 days 00:03:27.791870
0.036000000000000004,0.024,0.015,2.0,100,1.52,50,3,failed,failed,failed,failed,failed,,,failed,failed,,failed,,0 days 00:03:31.746026
0.056,0.037,0.015,2.0,100,1.52,50,3,failed,failed,failed,failed,failed,,,failed,failed,,failed,,0 days 00:03:29.692216
0.087,0.057,0.015,2.0,100,1.52,50,3,failed,failed,failed,failed,failed,,,failed,failed,,failed,,0 days 00:03:24.243341
0.134,0.088,0.015,2.0,100,1.52,50,3,failed,failed,failed,failed,failed,,,failed,failed,,failed,,0 days 00:03:27.827099
0.20600000000000002,0.136,0.015,2.0,100,1.52,50,3,failed,failed,failed,failed,failed,,,failed,failed,,failed,,0 days 00:03:28.496192
0.304,0.2,0.015,2.0,100,1.52,50,3,failed,failed,failed,failed,failed,,,failed,failed,,failed,,0 days 00:03:25.075757
0.319,0.21,0.015,2.0,100,1.52,50,3,failed,failed,failed,failed,failed,,,failed,failed,,failed,,0 days 00:03:21.977660
0.4920000000000001,0.324,0.015,2.0,100,1.52,50,3,failed,failed,failed,failed,failed,,,failed,failed,,failed,,0 days 00:03:23.577684
0.76,0.5,0.015,2.0,100,1.52,50,3,failed,failed,failed,failed,failed,,,failed,failed,,failed,,0 days 00:03:34.436361
0.76,0.5,0.015,2.0,100,1.52,40,3,failed,failed,failed,failed,failed,,,failed,failed,,failed,,0 days 00:00:55.431628
0.015205987819016447,0.01,0.015444521049463785,2.0,100,1.52,40,3,failed,failed,failed,failed,failed,,,failed,failed,,failed,,0 days 00:00:43.475272
0.02348491989486896,0.015,0.015444521049463785,2.0,100,1.52,40,3,failed,failed,failed,failed,failed,,,failed,failed,,failed,,0 days 00:00:46.810618
0.036271333966127466,0.024,0.015444521049463785,2.0,100,1.52,40,3,failed,failed,failed,failed,failed,,,failed,failed,,failed,,0 days 00:00:45.488931
0.017,0.01,0.21,2.0,10,1.66,40,3,failed,failed,failed,failed,failed,,,failed,failed,,failed,,0 days 00:01:03.174496
0.331,0.199,0.21,2.0,10,1.66,50,3,0j,(0.711-1.011j),(0.58-0.849j),0j,(-922.693+1046.092j),,,-inf,inf,,0.169,,0 days 00:12:59.883865
0.331,0.199,0.21,2.0,10,1.66,30,3,failed,failed,failed,failed,failed,failed,failed,failed,failed,failed,failed,failed,0 days 00:00:09.949155
0.828,0.499,0.21,2.0,10,1.66,40,3,failed,failed,failed,failed,failed,,,failed,failed,,failed,,0 days 00:01:03.342177
0.018000000000000002,0.01,0.037000000000000005,2.0,50,1.77,40,3,failed,failed,failed,failed,failed,,,failed,failed,,failed,,0 days 00:00:47.808920
0.355,0.201,0.037000000000000005,2.0,50,1.77,50,3,failed,failed,failed,failed,failed,,,failed,failed,,failed,,0 days 00:03:49.162593
0.887,0.501,0.037000000000000005,2.0,50,1.77,40,3,failed,failed,failed,failed,failed,,,failed,failed,,failed,,0 days 00:00:48.249761
0.4,0.19,0.3,0.5,10,2.1,30,3,failed,failed,failed,failed,failed,,,failed,failed,,failed,,0 days 00:00:16.351080000
0.4,0.19,0.3,0.5,10,2.1,40,3,(0.503-0.104j),(0.503-0.104j),(0.492-0.09j),(1.295-0.266j),(1.294-0.268j),,,1.0,1.01,,0.035,,0 days 00:01:54.065417
0.4,0.19,0.3,0.5,10,2.1,50,3,(0.503-0.098j),(0.502-0.099j),(0.492-0.09j),(1.302-0.249j),(1.301-0.25j),,,1.0,1.01,,0.026,,0 days 00:06:11.811591
0.4,0.19,0.3,0.5,10,2.1,60,3,(0.5-0.096j),(0.5-0.096j),(0.492-0.09j),(1.291-0.239j),(1.29-0.241j),,,1.0,1.01,,0.019,,0 days 00:20:28.390630
0.4,0.19,0.3,0.5,10,2.1,70,3,(0.499-0.094j),(0.499-0.094j),(0.492-0.09j),(1.289-0.23j),(1.288-0.232j),,,1.0,1.01,,0.015,,0 days 00:48:59.642569
0.4,0.19,0.3,0.5,10,2.1,80,3,(0.499-0.093j),(0.498-0.093j),(0.492-0.09j),(1.288-0.227j),(1.286-0.228j),,,1.0,1.01,,0.013,,0 days 01:56:40.701683
0.022000000000000002,0.01,0.324,2.0,10,2.19,40,3,failed,failed,failed,failed,failed,,,failed,failed,,failed,,0 days 00:01:36.519853
0.438,0.2,0.324,2.0,10,2.19,30,3,failed,failed,failed,failed,failed,failed,failed,failed,failed,failed,failed,failed,0 days 00:00:11.272112
0.43799999999999994,0.2,0.324,2.0,10,2.19,50,3,(2.114-3.039j),(1.626-2.257j),(1.355-1.911j),(14.096-19.273j),(13.669-18.948j),,,0.74,0.98,,0.158,,0 days 00:25:53.999224
1.095,0.5,0.324,2.0,10,2.19,40,3,failed,failed,failed,failed,failed,,,failed,failed,,failed,,0 days 00:01:32.189927
0.023,0.01,0.024,2.0,100,2.33,50,3,failed,failed,failed,failed,failed,,,failed,failed,,failed,,0 days 00:04:00.508564
0.023,0.01,0.024,2.0,100,2.33,40,3,failed,failed,failed,failed,failed,,,failed,failed,,failed,,0 days 00:00:49.972770
0.036000000000000004,0.015,0.024,2.0,100,2.33,50,3,failed,failed,failed,failed,failed,,,failed,failed,,failed,,0 days 00:03:56.229362
0.466,0.2,0.024,2.0,100,2.33,50,3,failed,failed,failed,failed,failed,,,failed,failed,,failed,,0 days 00:03:51.420241
1.164,0.5,0.024,2.0,100,2.33,40,3,failed,failed,failed,failed,failed,,,failed,failed,,failed,,0 days 00:00:48.406737
0.025,0.01,0.5,2.0,10,2.5,40,3,failed,failed,failed,failed,failed,,,failed,failed,,failed,,0 days 00:02:05.931706
0.5,0.2,0.5,2.0,10,2.5,50,3,(2.883-3.958j),(2.405-3.275j),(2.027-2.778j),(16.772-21.225j),(16.171-20.802j),,,0.83,0.98,,0.154,,0 days 00:25:43.821433
0.5,0.2,0.5,2.0,10,2.5,30,3,failed,failed,failed,failed,failed,failed,failed,failed,failed,failed,failed,failed,0 days 00:00:09.037821
1.25,0.5,0.5,2.0,10,2.5,40,3,failed,failed,failed,failed,failed,,,failed,failed,,failed,,0 days 00:02:04.755657
0.027000000000000003,0.01,0.057,2.0,50,2.68,40,3,failed,failed,failed,failed,failed,,,failed,failed,,failed,,0 days 00:00:56.660177
0.537,0.2,0.057,2.0,50,2.68,50,3,failed,failed,failed,failed,failed,,,failed,failed,,failed,,0 days 00:04:38.804618
1.342,0.501,0.057,2.0,50,2.68,40,3,failed,failed,failed,failed,failed,,,failed,failed,,failed,,0 days 00:00:52.899548
0.035,0.01,0.037000000000000005,2.0,100,3.55,40,3,failed,failed,failed,failed,failed,,,failed,failed,,failed,,0 days 00:00:53.613406
0.71,0.2,0.037000000000000005,2.0,100,3.55,50,3,failed,failed,failed,failed,failed,,,failed,failed,,failed,,0 days 00:04:23.861609
1.774,0.5,0.037000000000000005,2.0,100,3.55,40,3,failed,failed,failed,failed,failed,,,failed,failed,,failed,,0 days 00:00:53.639173
0.04,0.01,0.08800000000000001,2.0,50,4.01,40,3,failed,failed,failed,failed,failed,,,failed,failed,,failed,,0 days 00:00:59.496103
0.802,0.2,0.08800000000000001,2.0,50,4.01,50,3,failed,failed,failed,failed,failed,,,failed,failed,,failed,,0 days 00:05:38.174675
2.004,0.5,0.08800000000000001,2.0,50,4.01,40,3,failed,failed,failed,failed,failed,,,failed,failed,,failed,,0 days 00:01:01.701493
0.054000000000000006,0.01,0.057,2.0,100,5.37,40,3,failed,failed,failed,failed,failed,,,failed,failed,,failed,,0 days 00:01:05.732031
1.073,0.2,0.057,2.0,100,5.37,50,3,failed,failed,failed,failed,failed,,,failed,failed,,failed,,0 days 00:05:10.880253
2.6830000000000003,0.5,0.057,2.0,100,5.37,40,3,failed,failed,failed,failed,failed,,,failed,failed,,failed,,0 days 00:00:59.576118
0.059000000000000004,0.01,0.136,2.0,50,5.87,40,3,failed,failed,failed,failed,failed,,,failed,failed,,failed,,0 days 00:01:09.202580
1.173,0.2,0.136,2.0,50,5.87,50,3,failed,failed,failed,failed,failed,,,failed,failed,,failed,,0 days 00:08:09.036233
2.9330000000000003,0.5,0.136,2.0,50,5.87,40,3,failed,failed,failed,failed,failed,,,failed,failed,,failed,,0 days 00:01:12.904058
0.08,0.01,0.08800000000000001,2.0,100,8.02,40,3,failed,failed,failed,failed,failed,,,failed,failed,,failed,,0 days 00:01:07.483495
1.6030000000000002,0.2,0.08800000000000001,2.0,100,8.02,50,3,failed,failed,failed,failed,failed,,,failed,failed,,failed,,0 days 00:06:40.043130
4.008,0.5,0.08800000000000001,2.0,100,8.02,40,3,failed,failed,failed,failed,failed,,,failed,failed,,failed,,0 days 00:01:08.403946
0.083,0.01,0.21,2.0,50,8.28,40,3,failed,failed,failed,failed,failed,,,failed,failed,,failed,,0 days 00:01:36.597586
1.6569999999999998,0.2,0.21,2.0,50,8.28,50,3,(5428275279.41+48763934043.911j),(50.895-61.01j),(44.285-51.614j),(23848097954.643+214235097640.059j),(67.783-84.283j),,,-0.0,-0.0,,0.145,,0 days 00:25:16.793459
4.142,0.5,0.21,2.0,50,8.28,40,3,failed,failed,failed,failed,failed,,,failed,failed,,failed,,0 days 00:01:28.705391
0.109,0.01,0.324,2.0,50,10.95,40,3,failed,failed,failed,failed,failed,,,failed,failed,,failed,,0 days 00:02:10.139769
2.189,0.2,0.324,2.0,50,10.95,50,3,(81.406-110.501j),(80.7-110.079j),(70.173-94.922j),(92.539-132.332j),(92.682-132.267j),,,1.0,1.0,,0.135,,0 days 00:24:48.847480
5.473,0.5,0.324,2.0,50,10.95,40,3,failed,failed,failed,failed,failed,,,failed,failed,,failed,,0 days 00:02:07.730488
0.11699999999999999,0.01,0.136,2.0,100,11.73,40,3,failed,failed,failed,failed,failed,,,failed,failed,,failed,,0 days 00:01:19.537929
2.346,0.2,0.136,2.0,100,11.73,50,3,failed,failed,failed,failed,failed,,,failed,failed,,failed,,0 days 00:09:21.790630
5.865,0.5,0.136,2.0,100,11.73,40,3,failed,failed,failed,failed,failed,,,failed,failed,,failed,,0 days 00:01:18.513853
0.125,0.01,0.5,2.0,50,12.5,40,3,failed,failed,failed,failed,failed,,,failed,failed,,failed,,0 days 00:02:54.989332
2.5,0.2,0.5,2.0,50,12.5,50,3,(96.437-143.501j),(95.689-143.115j),(82.719-125.621j),(104.203-163.588j),(104.51-163.54j),,,1.0,1.0,,0.126,,0 days 00:24:31.100700
6.25,0.5,0.5,2.0,50,12.5,40,3,failed,failed,failed,failed,failed,,,failed,failed,,failed,,0 days 00:02:56.400079
0.166,0.01,0.21,2.0,100,16.57,40,3,failed,failed,failed,failed,failed,,,failed,failed,,failed,,0 days 00:01:39.044818
3.314,0.2,0.21,2.0,100,16.57,50,3,(116.456-237.885j),(115.744-237.499j),(98.28-217.149j),(119.421-251.365j),(119.674-251.415j),,,1.0,1.0,,0.102,,0 days 00:24:25.369701
8.283999999999999,0.5,0.21,2.0,100,16.57,40,3,failed,failed,failed,failed,failed,,,failed,failed,,failed,,0 days 00:01:38.061546
0.21899999999999997,0.01,0.324,2.0,100,21.89,40,3,failed,failed,failed,failed,failed,,,failed,failed,,failed,,0 days 00:02:20.333859
4.379,0.2,0.324,2.0,100,21.89,50,3,(110.591-346.856j),(109.999-346.305j),(76.921-330.862j),(111.919-351.955j),(112.203-352.156j),,,1.0,1.0,,0.1,,0 days 00:24:39.259692
10.947,0.5,0.324,2.0,100,21.89,40,3,failed,failed,failed,failed,failed,,,failed,failed,,failed,,0 days 00:02:22.926999
0.25,0.01,0.5,2.0,100,25.0,40,3,failed,failed,failed,failed,failed,,,failed,failed,,failed,,0 days 00:03:13.394461
5.0,0.2,0.5,2.0,100,25.0,50,3,(112.437-419.102j),(111.746-418.499j),(52.367-379.299j),(114.381-420.732j),(114.761-421.055j),,,1.0,1.0,,0.164,,0 days 00:24:18.789868
12.5,0.5,0.5,2.0,100,25.0,40,3,failed,failed,failed,failed,failed,,,failed,failed,,failed,,0 days 00:03:13.959716
